IVAO_A4,NBAI_A4_Skyhawk_T.png.dds
IVAO_A5,Multiple
IVAO_A109,JYAI_AGUSTA_109.PNG.DDS,JYAI_AGUSTA_109_ROTORS.PNG.DDS
IVAO_A124,A124.PNG.DDS
IVAO_A20N_CFML,FAIB_A320_CFML_T.png.dds,FAN.PNG.DDS
IVAO_A20N_PW,FAIB_A320_PW_T.png.dds
IVAO_A21N_CFML,FAIB_A321_CFML_T.png.dds
IVAO_A21N_PW,FAIB_A321_PW_T.png.dds
IVAO_A306PW,A306PW.PNG.DDS
IVAO_A310_GE,TFS_A310_GE_T.png.dds
IVAO_A310_PW,TFS_A310_PW_T.png.dds
IVAO_A318_CFM,FAIB_A318_CFM_T.PNG.DDS
IVAO_A319_CFM,A319CFM.PNG.DDS
IVAO_A319_IAE,A319IAE.PNG.DDS
IVAO_A319S_CFM,A319SCFM.PNG.DDS
IVAO_A319S_IAE,A319SIAE.PNG.DDS
IVAO_A320_IAE,A320IAE.PNG.DDS
IVAO_A320_CFM,A320CFM.PNG.DDS
IVAO_A320S_CFM,A320SCFM.PNG.DDS
IVAO_A320S_IAE,A320SIAE.PNG.DDS
IVAO_A321_CFM,A321CFM.PNG.DDS
IVAO_A321_IAE,A321IAE.PNG.DDS
IVAO_A321S_IAE,A321SIAE.PNG.DDS
IVAO_A321S_CFM,A321SCFM.PNG.DDS
IVAO_A332_GE,A332GE.PNG.DDS
IVAO_A332_RR,A332RR.PNG.DDS
IVAO_A332F_RR,A332RR.PNG.DDS
IVAO_A332_PW,A332PW.PNG.DDS
IVAO_A332F_PW,A332PW.PNG.DDS
IVAO_A333_GE,TFS_A333_GE_T.png.dds
IVAO_A333_PW,TFS_A333_PW_T.png.dds
IVAO_A333_RR,TFS_A333_RR_T.png.dds
IVAO_A339,A339.PNG.DDS
IVAO_A342,A342.PNG.DDS
IVAO_A343,A343.PNG.DDS
IVAO_A345,A345.PNG.DDS
IVAO_A346,A346.PNG.DDS
IVAO_A359,A359.PNG.DDS
IVAO_A35K,A35K.PNG.DDS
IVAO_A388,A388_A.PNG.DDS,A388_B.PNG.DDS
IVAO_A400,A400.PNG.DDS
IVAO_AS32,AS32.PNG.DDS
IVAO_AS50,AS350.PNG.DDS
IVAO_AT43,AT43.PNG.DDS
IVAO_AT45,AT45.PNG.DDS
IVAO_AT72,AT72.PNG.DDS
IVAO_AT75,AT75.PNG.DDS
IVAO_AT76,AT75.PNG.DDS
IVAO_B1,B1.PNG.DDS
IVAO_B190C,B190.PNG.DDS
IVAO_B190D,B190.PNG.DDS
IVAO_B2,B-2.PNG.DDS
IVAO_B214,B214.PNG.DDS,LIVERY.PNG.DDS
IVAO_B350,KINGAIR350I_AIRFRAME_FUSELAGE_ALBD.PNG.DDS,KINGAIR350I_AIRFRAME_LIVERY_ALBD.PNG.DDS,KINGAIR350I_AIRFRAME_TAIL_ALBD.PNG.DDS,KINGAIR350I_AIRFRAME_WINGS_ALBD.PNG.DDS,KINGAIR350I_AIRFRAME_ENGINES_ALBD.PNG.DDS,KINGAIR350I_AIRFRAME_LOGOS_ALBD.PNG.DDS,KINGAIR350I_AIRFRAME_PROP_STATIC_ALBD.PNG.DDS,KINGAIR350I_AIRFRAME_DECALS_ALBD.TIF.DDS
IVAO_B38M,737_800_MAX_T.PNG.DDS,737_MAX_T.PNG.DDS
IVAO_B39M,737_900_MAX_T.PNG.DDS,737_MAX_T.PNG.DDS
IVAO_B461,B461.PNG.DDS,LIVERY.PNG.DDS
IVAO_B462,B462.PNG.DDS,LIVERY.PNG.DDS
IVAO_B463,B463.PNG.DDS,LIVERY.PNG.DDS
IVAO_B712,B717_T.PNG.DDS
IVAO_B732,FAIB_737_200_T.dds
IVAO_B733,737_300_T.PNG.dds
IVAO_B733_WL,737_300_T.PNG.dds
IVAO_B734,FAIB_737_400_T.dds
IVAO_B735,FAIB_737_500_T.dds
IVAO_B735w,FAIB_737_500_T.dds
IVAO_B736,B736.PNG.DDS
IVAO_B737N,B737.PNG.DDS
IVAO_B737S,B737.PNG.DDS
IVAO_B737WL,B737.PNG.DDS
IVAO_B738,B738.PNG.DDS
IVAO_B738S,B738S.PNG.DDS
IVAO_B738WL,B738WL.PNG.DDS
IVAO_B739,B739.PNG.DDS
IVAO_B739S,B739.PNG.DDS
IVAO_B739WL,B739WL.PNG.DDS
IVAO_B742,b742.png.dds
IVAO_B744,B744.PNG.DDS
IVAO_B748,B748.PNG.DDS
IVAO_B752,B752.PNG.DDS
IVAO_B752PW,B752.PNG.DDS
IVAO_B752RRWL,B752.PNG.DDS
IVAO_B752PWWL,B752.PNG.DDS
IVAO_B753,B753.png.dds
IVAO_B753,B753.png.dds
IVAO_B763_PW,B763.PNG.DDS
IVAO_B763_GEC,B763.PNG.DDS
IVAO_B764,B764.PNG.DDS
IVAO_B772_PW,B772.PNG.DDS
IVAO_B772_RR,B772.PNG.DDS
IVAO_B772_GE,B772.PNG.DDS
IVAO_B77L,B77L.PNG.DDS,CABINLIGHT.PNG.DDS
IVAO_B773_RR,B77W.PNG.DDS
IVAO_B77W,B77W.PNG.DDS
IVAO_B788,B788.PNG.DDS
IVAO_B789_GE,UTT_B787-900_T.png.dds
IVAO_B789_RR,UTT_B787-900_T.png.dds
IVAO_B78X_GE,UTT B787-10_T.PNG.DDS
IVAO_B78X_RR,UTT B787-10_T.PNG.DDS
IVAO_BCS3,BCS3.PNG.DDS
IVAO_BE35,BE35.PNG.DDS
IVAO_BE36,Multiple
IVAO_BE58,BE58.PNG.DDS
IVAO_BLIMP,BLIMB.PNG.DDS,PROP_PNG.PNG.DDS
IVAO_C25A,Multiple
IVAO_C25C,CESSNA_CJ4_AIRFRAME_ENGINE_ALBD.PNG.DDS,CESSNA_CJ4_AIRFRAME_FRONTGEAR_ALBD.PNG.DDS,CESSNA_CJ4_AIRFRAME_FUSELAGE_ALBD.PNG.DDS,CESSNA_CJ4_AIRFRAME_LIVERY_ALBD.PNG.DDS,CESSNA_CJ4_AIRFRAME_WING_ALBD.PNG.DDS
IVAO_C101,C101.PNG.DDS,C101_COMP.png.dds,C101_Normal.png.dds
IVAO_C130,C130.PNG.DDS
IVAO_C152,CESSA152_AIRFRAME_DECALS_ALBD.PNG.DDS,CESSA152_AIRFRAME_FUSELAGE_ALBD.PNG.DDS,CESSA152_AIRFRAME_PROP_BLURRED_ALBD.PNG.DDS,CESSA152_AIRFRAME_PROP_SLOW_ALBD.PNG.DDS,CESSA152_AIRFRAME_PROP_STATIC_ALBD.PNG.DDS,CESSA152_AIRFRAME_TAIL_ALBD.PNG.DDS
IVAO_C172,C172SP_AIRFRAME_FUSELAGE_ALBD.PNG.dds,C172SP_AIRFRAME_LIVERYCOLOR_ALBD.PNG.DDS,C172SP_AIRFRAME_LIVERY_ALBD.PNG.DDS,C172SP_AIRFRAME_TAILLANDING_ALBD.PNG.dds,C172SP_AIRFRAME_WINGS_ALBD.PNG.dds
IVAO_C172_FSX,C172_T.PNG.DDS
IVAO_C208_HTAI,aic208b.png.dds
IVAO_C414,C414.PNG.DDS
IVAO_C510,C510.PNG.DDS
IVAO_C750,C750.PNG.DDS
IVAO_CC19,Multiple
IVAO_CH47,NBAI_Chinook_T.PNG.dds
IVAO_CN35,CN35.PNG.DDS
IVAO_CONC,CONCORDE.PNG.DDS
IVAO_CONI,SACIN.PNG.DDS,SF.PNG.DDS,SFLAP.PNG.DDS,SHZ.PNG.DDS,SLFIE.PNG.DDS,SLINTLT.PNG.DDS,SLW.PNG.DDS,SM.PNG.DDS,SMF.PNG.DDS,SNOZ.PNG.DDS,SPITRT.PNG.DDS,SR.PNG.DDS,SRFOE.PNG.DDS,SRW.PNG.DDS
IVAO_CP10,
IVAO_CL30,CL30.png.dds
IVAO_CL35,CL35.png.dds
IVAO_CL60,CL60.png.dds
IVAO_CL65,CL65.png.dds
IVAO_CRJ2_r,CRJ2.PNG.DDS
IVAO_CRJ7_a,CRJ700.PNG.DDS
IVAO_CRJ7_r,CRJ700_T.PNG.DDS
IVAO_CRJ9_r,CRJ9.PNG.DDS
IVAO_CRJX_r,CRJX.PNG.DDS, LIGHT.PNG.DDS
IVAO_DA40,Multiple
IVAO_DA62,DA62_AIRFRAME_BODY_ALBD.PNG.dds,DA62_AIRFRAME_WING_ALBD.PNG.dds
IVAO_DC3,
IVAO_DC6,COWLL.PNG.DDS,COWLR.PNG.DDS,ENG-FORE.PNG.DDS,HZSTAB.PNG.DDS,UALDOOR.PNG.DDS,UALFUSE1.PNG.DDS,UALFUSE2.PNG.DDS,UALFUSE3.PNG.DDS,UALLWING.PNG.DDS,UALNOSE.PNG.DDS,UALRWING.PNG.DDS,UALVTAIL.PNG.DDS
IVAO_DHC2,
IVAO_DHC2_floats,
IVAO_DHC6,DHC6.PNG.DDS
IVAO_DHC7,DHC7AI.png.dds
IVAO_DH8D,DASH8_Q400_T.PNG.DDS
IVAO_DR40,Multiple
IVAO_E120,EMB_120_T.PNG.DDS
IVAO_E145,cdaiemb145rj.png.dds,cdaiemb145rj2.png.dds
IVAO_E55P,fuselage.png.dds,engine_R.png.dds,wings.png.dds
IVAO_E170,aia_emb_170_t.png.dds
IVAO_E175,aia_emb_175_t.png.dds
IVAO_E190,E190.PNG.DDS
IVAO_E195,E195.PNG.DDS
IVAO_E2,INTE2_ALBEDO.PNG.DDS,FUZE2_ALBEDO.PNG.DDS,RADAR_ALBEDO.PNG.DDS
IVAO_E300,Multiple
IVAO_EC45,H145.PNG.DDS
IVAO_EUFI,EUFI.PNG.DDS
IVAO_F5,T38_F5.PNG.DDS
IVAO_F16C,F16.PNG.DDS
IVAO_F18H,FA18E_AIRFRAME_FUSELAGE2_ALBD.PNG.DDS,FA18E_AIRFRAME_TEXTS_ALBD.PNG.DDS,FA18E_AIRFRAME_TEXTS_NORM.PNG.DDS,FA18E_AIRFRAME_WINGLEFT_ALBD.PNG.DDS,FA18E_AIRFRAME_WINGRIGHT_ALBD.PNG.DDS,FA18E_AIRFRAME_FUSELAGE1_ALBD.PNG.DDS,FA18E_AIRFRAME_FUSELAGE2_ALBD.PNG.DDS
IVAO_F22,F22.PNG.DDS
IVAO_F28,f28.png.dds
IVAO_F35B,F35B.PNG.DDS
IVAO_F100,F100.PNG.DDS
IVAO_F117,F117.PNG.DDS
IVAO_FDCT,Multiple
IVAO_FMCAR,ASO_CARFACILLITY02NORMAL.PNG.DDS,ASO_CARFACILLITY02COMP.PNG.DDS,ASO_CARFACILLITY02_ALBEDO.PNG.DDS
IVAO_G2CA,MAINBODY1BASECOLOR.JPG.DDS,MAINBODY2BASECOLOR.JPG.DDS
IVAO_G21T,
IVAO_GLEX,GLEX.PNG.DDS,R1_LW_T.PNG.DDS,R1_RW_T.PNG.DDS,R1_FUS_T.PNG.DDS
IVAO_GLID,BASE.PNG.DDS
IVAO_GLF3,glf3.png.dds
IVAO_GLF4,glf4.png.dds
IVAO_HAR,HAR.PNG.DDS
IVAO_LJ40,LJ40.png.dds
IVAO_LJ45,LJ45.png.dds
IVAO_J3,J3.png.dds
IVAO_JU52,JYAI_JU52_t.png.dds
IVAO_K35R,DETAIL_ALBEDO.PNG.DDS,FUZ_ALBEDO.PNG.DDS,WINGS_ALBEDO.PNG.DDS,INT_ALBEDO.PNG.DDS
IVAO_LONGEZ,ROTOR.PNG.DDS
IVAO_MD11,MD11.PNG.DDS
IVAO_MD_81,AIA_MD8X_T.PNG.DDS
IVAO_MD_82,AIA_MD8X_T.PNG.DDS
IVAO_MD_83,AIA_MD8X_T.PNG.DDS
IVAO_MD_88,AIA_MD8X_T.PNG.DDS
IVAO_MIR2,MIR2.PNG.DDS
IVAO_PA24,pa24.png.dds
IVAO_P28A,Pa28_180_t.png.dds
IVAO_PC6,Multiple
IVAO_PC12,PC12.PNG.DDS
IVAO_PC21,MG_AI_PC-21_T.PNG.DDS
IVAO_PTS1,Multiple
IVAO_RFAL,RFAL.png.dds
IVAO_SAVG,Multiple
IVAO_SF34,SF34.PNG.DDS
IVAO_SPIT,SPIT.PNG.DDS
IVAO_SR22,SR22.PNG.DDS
IVAO_SR71,SR71.PNG.DDS
IVAO_T38,T38_F5.PNG.DDS
IVAO_TBM9,TBM_930_AIRFRAME_PLANE_ALBD.PNG.dds,TBM_930_AIRFRAME_PROP_ALBD.PNG.DDS,TBM_930_AIRFRAME_DECALS_ALBD.PNG.DDS,TBM_930_AIRFRAME_PLANE_ALBD.PNG.dds,TBM_930_AIRFRAME_DECALS_ALBD.PNG.DDS,TBM_930_AIRFRAME_DETAILS_ALBD.PNG.DDS,TBM_930_AIRFRAME_PLANE_ALBD.PNG.dds,TBM_930_AIRFRAME_LANDING_ALBD.PNG.DDS
IVAO_TEX2,WSAI_T-6II_T.png.dds,QUADROTORWHITE.PNG.DDS
IVAO_UH1,LIVERY.PNG.DDS
IVAO_V22,V22.PNG.DDS
IVAO_VL3,Multiple
IVAO_UNIV,ASA_LEFT.PNG.DDS,ASA_RIGHT.PNG.DDS,DOUBLEROTOR_2.PNG.DDS,FUSELAGEM.PNG.DDS,PILOTO.PNG.DDS
IVAO_AN24,AN24.PNG.DDS
IVAO_MG29,MG29.PNG.DDS
IVAO_BN2P,BN2P.PNG.DDS,BN2P_C.PNG.DDS,LIGHT.PNG.DDS,PROP.PNG.DDS
IVAO_H60,H60.PNG.DDS,QUADROTORWHITE.PNG.DDS
IVAO_S64,INTERNALS.PNG.DDS,ORANGE.PNG.DDS,QUADROTOR_2.PNG.DDS,ROTOR2.PNG.DDS,TX_COCKPIT_1.PNG.DDS,TX_COCKPIT_2.PNG.DDS,TX_COCKPIT_3.PNG.DDS,TX_FUSELAGE_1.PNG.DDS,TX_FUSELAGE_2.PNG.DDS,TX_VARIOUS_2.PNG.DDS